SN,MON DESC,month_no,year,active
27,16-Apr,3,2016,19073.8996385
28,16-May,4,2016,14551.1003067
29,16-Jun,5,2016,13573.6331643
30,16-Jul,6,2016,13673.058287
31,16-Aug,7,2016,13680.9911289
